subject,trial,window_a,window_b,delta_stability,delta_similarity,delta_entropy,delta_missing_rate,delta_mean_abs_corr,delta_effective_rank
1,0,200,400,0.00028132563061970643,0.09477790706109868,0.0512146289744162,0.0,0.0342786564948952,-0.6839823427400162
1,0,400,600,7.963186982891911e-05,0.005054474168522893,-0.05140558474295309,0.0,0.009377873104792211,-0.48731851418411587
1,0,600,800,0.00016456410074380465,0.09450710573846244,-0.0015962641523965537,0.0,0.024037312177257186,-0.5486952669304062
1,0,800,1000,0.00019163170533146017,-0.03671119747251472,-0.0584783148039858,0.0,0.005359533810266659,0.6540318456643464
1,0,1000,1200,6.576492915726789e-05,0.007167484103644317,0.10511344913908727,0.0,0.006673155356116511,-0.20629387361893858
1,1,200,400,0.0015824045903328043,0.08052091570767034,0.048150688314874124,0.0,0.022916794601725438,-1.1301841090221956
1,1,400,600,0.0005480754848394241,0.03633728811256898,-0.002385695758195805,0.0,0.029809887904634458,-0.8307047892899071
1,1,600,800,0.0004818332637390177,0.06720221475281568,0.02581480116849777,0.0,0.013759053891191253,0.3274536642154562
1,1,800,1000,0.00019808327421758434,0.046024967099330016,-0.04681606909516045,0.0,0.018918564688137463,-0.5411750181005921
1,1,1000,1200,0.0007926970794854653,0.004582073315235635,-0.013829492257276588,0.0,0.019781919242202795,-0.49387473502905976
1,2,200,400,0.00044121382952949005,0.09646916194481187,0.0273633863881817,0.0,0.04063196920905626,0.34067467460736545
1,2,400,600,-0.00018877568327135082,-0.010617349135483067,-0.015404680097086842,0.0,0.040728404316747124,-0.3030277876786349
1,2,600,800,0.0005556608414660005,0.1329655764113883,-0.040579724858338384,0.0,0.11099014071311808,0.3088689794309718
1,2,800,1000,0.0003518731237534508,-0.05440098952496336,-0.02142262423936847,0.0,0.03136356465940843,-0.02421691792659808
1,2,1000,1200,0.0016961189394642175,0.012495177640530986,-0.04943140459675455,0.0,-0.026548826544568693,0.3805688536884939
1,3,200,400,0.06595463615129633,0.15933907336943542,-0.010697413709160664,0.0,0.02987342694136505,-0.31764687681364023
1,3,400,600,0.04415827481775239,0.008745308689942721,0.04718491994333052,0.0,0.016567654529136944,-0.25353178502609985
1,3,600,800,0.020415936055230177,0.11526315054822173,-0.009344965794497728,0.0,0.03050284391248745,-0.20726894314177713
1,3,800,1000,0.011067657813191661,-0.0325988330533733,-0.04461299499858429,0.0,0.012642830640788083,-0.35634881402118523
1,3,1000,1200,0.01760496811382825,0.04001326235100633,0.11862699955405276,0.0,0.009665656081126461,-0.2439126142002923
1,4,200,400,0.0007861993913828402,0.13643196389427442,0.013051192054950977,0.0,0.036828962026599604,-0.7145330060574633
1,4,400,600,0.0003071653121563666,0.025551080940215798,0.01543556792581846,0.0,0.026967729339369806,0.17256916522885302
1,4,600,800,0.00040045316507016007,0.07591603150331788,0.041596421171788744,0.0,0.021081239029755172,0.5451475564755883
1,4,800,1000,-0.0002068325725060249,-0.057309588959360114,-0.015430466645176999,0.0,0.04385150467732918,-0.6520372204821978
1,4,1000,1200,0.0001382772365933517,0.018209703373345987,0.02604532603598031,0.0,0.019440452114555362,0.14776238963121013
1,5,200,400,0.006411236752184631,0.1111474289192963,0.022560616885714868,0.0,0.013430172845704968,-0.8091449148182708
1,5,400,600,0.0026076601996280063,0.03907032648181896,0.03143020446104661,0.0,0.015091853188974741,-0.44188231216728546
1,5,600,800,0.0026466752000270932,0.07648541811871135,0.0017136010496625609,0.0,0.007054095718550646,-0.6206268738920375
1,5,800,1000,0.0022972949642032434,-0.08640026689034824,-0.005768417790837255,0.0,0.0056370024395683005,-0.04945082805313028
1,5,1000,1200,0.0009944809863668413,0.07289056504546598,0.035909308552790176,0.0,0.025560490196109703,-0.21976787120115482
1,6,200,400,2.74784784690871e-05,0.11573843327199262,0.07743882896353504,0.0,0.026377523973050487,-0.4125753827644729
1,6,400,600,5.609942785178221e-06,0.014710852899557703,0.0478967458305819,0.0,0.02085903628806232,-0.020571246931004872
1,6,600,800,5.436605700853345e-06,0.07594999041771561,0.0405782218219235,0.0,0.01796901947444679,-0.5921424432802995
1,6,800,1000,-7.076547977786368e-06,-0.017089598215375423,-0.004377930190735846,0.0,0.008535937831901264,0.6241818326086355
1,6,1000,1200,2.0428247090958657e-05,0.04797525092557958,-0.020118886906210776,0.0,0.0031670610636031493,-0.3295095581059009
1,7,200,400,0.04670583217830412,0.14073056547485316,0.08974190806151494,0.0,0.026870499434212852,-0.8695748508882115
1,7,400,600,0.02630977767701928,0.004043854098501387,0.016767202875183518,0.0,0.012395690726965558,-0.2913582144366824
1,7,600,800,0.032231580209598265,0.0944801585035826,0.04599951211002251,0.0,0.006065253715765523,-0.5261012176550413
1,7,800,1000,0.016140488289777766,-0.04837948448734697,-0.015977048938577543,0.0,0.01787283857667657,-0.40044698825077596
1,7,1000,1200,0.03343235617639326,0.02424373699305382,0.019068627276742856,0.0,0.005672457315175905,0.06833689891485406
1,8,200,400,4.766232081517452e-05,0.11373335276441093,0.05082105951095661,0.0,0.02160173393709397,-0.5109727402071806
1,8,400,600,4.8964738789188545e-06,0.02035776886574353,-0.011508926996957491,0.0,0.014231628122690881,-0.40535582788296054
1,8,600,800,1.1549865848881112e-05,0.10868443638787706,0.017704710907651577,0.0,0.012199933057885914,-0.2356845719049545
1,8,800,1000,1.1535000741396545e-05,-0.036690477728264836,-0.07175639453642013,0.0,0.005221070627368735,-0.18673223551197182
1,8,1000,1200,2.2701191161593037e-05,0.019014638837004716,0.05468588736309066,0.0,0.02041190612796165,0.23900583115839602
1,9,200,400,0.002928189884905983,0.13602478266574125,0.08582233566478115,0.0,0.03495457429488774,-2.4763822605274832
1,9,400,600,0.005598896874375484,0.026775339466900916,0.035852151331456916,0.0,0.027072265299627224,0.6228309492450066
1,9,600,800,0.017654276429853198,0.12822974298711842,-0.05851495415134789,0.0,0.020155679634562162,0.9626994722366105
1,9,800,1000,0.004181195520205232,0.00502394045371557,0.048785063828534536,0.0,0.01633010701075649,0.560219828077293
1,9,1000,1200,-0.007252088544140396,0.02716666138224666,0.062438310311644596,0.0,0.06167205095340783,-1.5495923779086649
1,10,200,400,0.0009543121965349298,0.07338890282244864,0.07665008221534508,0.0,0.034342884108842925,0.44027096633422635
1,10,400,600,0.0024840132176794363,0.021159457363442158,-0.019046242285950754,0.0,0.013989722217359585,0.77598163848758
1,10,600,800,0.0020566075365668944,0.15087233040768933,0.03986391928536648,0.0,0.03582312847697089,0.323415743999933
1,10,800,1000,-0.0015757661419775549,-0.04770389998762187,-0.03228087969831028,0.0,0.0482597142626513,-0.67715089780978
1,10,1000,1200,0.0002951779768365888,0.04740653956304047,0.0013673078022935492,0.0,0.025758537317586594,0.05686039162765999
1,11,200,400,0.001835259576417076,0.0754939998340029,0.01080537307286944,0.0,0.030148340610179042,-0.9494769724825005
1,11,400,600,0.0003928505922610303,0.0155772234521383,-0.05761666432102652,0.0,0.014492057842350525,-0.6431176823193994
1,11,600,800,0.0010931211644853635,0.11033649155499681,0.038843394157692224,0.0,0.023002501616712967,-0.39985737983590397
1,11,800,1000,0.0002988104578442903,-0.02780908740212662,0.022331473508490074,0.0,0.0009783708702164606,-0.36975622824944043
1,11,1000,1200,-9.893075781355551e-06,0.00487133373696802,-0.009485810657059446,0.0,0.013560849403042807,-0.23761028496459957
1,12,200,400,0.00488672047866468,0.10006795532514634,0.031990949562967774,0.0,0.021056144930313686,-0.7722710269507402
1,12,400,600,0.0015250117451849343,0.00791492278081668,0.0015861409004593874,0.0,0.018227992186172548,-0.4074394649882773
1,12,600,800,0.0017103669881351168,0.051310568840155446,0.02873389131376225,0.0,0.027413533344614133,0.021171375369529954
1,12,800,1000,0.0006228561448539949,-0.04658298212038847,-0.019283171915396746,0.0,-0.004852243451053673,-0.2898765655708928
1,12,1000,1200,0.0012480963737889449,0.043915414050368806,-0.025082573683408604,0.0,0.02931956245227424,-0.41476376875938215
1,13,200,400,0.021235307542219396,0.13099981319344323,0.06362709788392529,0.0,0.021702821329478372,-0.7211708353949362
1,13,400,600,0.008283255092269098,0.04473734856192424,0.03626037119945824,0.0,0.018506794567599044,-0.5100754211402734
1,13,600,800,0.009080112472493268,0.06992884980086339,0.0322380540773084,0.0,0.023606709219143263,-0.6868166705296463
1,13,800,1000,0.0010681167745502096,-0.025624369412177217,-0.02253515124228178,0.0,0.003109402971794961,-0.0992516727082915
1,13,1000,1200,0.0031371863257778493,-0.015225596694922572,0.009582808036392443,0.0,0.01868275053531565,0.07028680794194742
1,14,200,400,0.12560475232304377,0.08181009392014582,0.04341187056299445,0.0,0.013077526144777418,-0.25960824194370247
1,14,400,600,0.07159328790668401,0.04281391809451257,0.0388860354473084,0.0,0.019783589865694146,-0.5297835424689019
1,14,600,800,0.18731355727263804,0.08153675532664051,0.06165970750306471,0.0,0.016865447763947272,-0.06025608485305156
1,14,800,1000,-0.0032639272714189427,-0.012959819551280893,-0.013726528117926406,0.0,0.007021968863925837,-0.2366045686153857
1,14,1000,1200,0.1426796872875748,0.028189179182034896,0.03519756216109826,0.0,0.018173200653695765,-0.21209766298697907
