feature,label_name,positive_power_sign_rate,negative_power_sign_rate
faa_fp1_fp2,negative,0.3476946334089191,0.6523053665910808
faa_fp1_fp2,neutral,0.2301223241590214,0.7698776758409785
faa_fp1_fp2,positive,0.33694083694083693,0.663059163059163
faa_f3_f4,negative,0.6137566137566137,0.3862433862433862
faa_f3_f4,neutral,0.43730886850152906,0.5626911314984709
faa_f3_f4,positive,0.5793650793650794,0.42063492063492064
faa_f7_f8,negative,0.8284202569916855,0.17157974300831444
faa_f7_f8,neutral,0.845565749235474,0.154434250764526
faa_f7_f8,positive,0.9025974025974026,0.09740259740259741
