group,feature,n,missing_rate,mean,std,median,iqr,min,max,eta_squared_label,cohens_d_positive_vs_negative,cohens_d_positive_vs_neutral,cohens_d_negative_vs_neutral,negative_mean,negative_median,negative_iqr,neutral_mean,neutral_median,neutral_iqr,positive_mean,positive_median,positive_iqr
Global spectral state,gamma_ratio,4017,0.0,0.16546380186283033,0.06321406421783322,0.1492314398677072,0.0661593768221291,0.0420694192382197,0.4437450084869684,0.47956009872797467,1.5044888372221383,2.008160072900445,0.7445970784506574,0.14558581459933342,0.1414023181480406,0.03923786301797036,0.12306034895676515,0.12215634306587636,0.03824221771281558,0.2244553556512428,0.2123416359522866,0.096869531770683
Derived ratios,gamma_beta_ratio,4017,0.0,0.41279925661998235,0.14814068999797173,0.3745388237207859,0.15648562882321748,0.1507921670425831,1.1797855263848962,0.44308368756065436,1.4582353172594122,1.8324560664181557,0.5240099056909305,0.3610874552172949,0.3527161116355268,0.09480632029274955,0.3229177475084347,0.3257932687027296,0.08935857798482405,0.5469837639602853,0.5204735824677574,0.2049671252858004
Global spectral state,alpha_ratio,4017,0.0,0.24761330959846317,0.09247463363912971,0.2312535668489383,0.1310700624788734,0.0708876897844076,0.6582626527598584,0.3269159985456338,-0.9339249304981716,-1.70044926373487,-0.7809049103150388,0.2497442806237525,0.2361135598291891,0.09350162126481282,0.3130018609581292,0.313428207658202,0.13521648883786408,0.18387052471758228,0.1710579405771387,0.0824607371181719
Derived ratios,beta_alpha_ratio,4017,0.0,1.9158964557369302,0.8906406768120188,1.7529084579933212,1.1940753744360504,0.3235658365562426,6.220691292067145,0.30128426080184295,0.9010411612564807,1.5032661050132288,0.7220588664001086,1.804048681183234,1.7235356992581317,0.868116559738322,1.3642753143654098,1.2242313813434587,0.7604405258581358,2.543237767893127,2.4466559582966285,1.2804469595366803
Regional activity,temporal_alpha,4017,0.0,0.03764610050334048,0.0267317685214285,0.0302759117425921,0.027140536624301603,0.0048285486809618,0.461495166819077,0.19504037854019857,-0.36879125081840525,-1.295002404255104,-0.7276851881214328,0.03408269093220577,0.0277892761212683,0.021708425264035994,0.05389980645041688,0.0480856149147257,0.0352963420164088,0.025708541689368834,0.02195824856599245,0.015396457030127977
Regional activity,occipital_alpha,4017,0.0,0.039715200573004435,0.0304497464783563,0.0331219209577036,0.0201238569678191,0.0095726666261019,0.6601908693317621,0.08692943486238863,-0.09956207412224301,-0.7238173215541466,-0.5650380883750585,0.0349558961114296,0.0298911086288585,0.014491417531543049,0.05252971385564943,0.0465955654652299,0.024242779862375274,0.032164822816124095,0.02825571135046575,0.012148816951391223
Global spectral state,beta_ratio,4017,0.0,0.400362139564943,0.047601084916011414,0.4023456408947272,0.06363398213705573,0.2019114238323907,0.5486655272866627,0.07087863772031848,0.14437678767055356,0.6584256515906587,0.4826512096030625,0.4056637125047376,0.4055456090087697,0.06187683973205643,0.38252891419046214,0.381496936371731,0.06924605751701207,0.4121311711598004,0.4115760225476328,0.05439281906181487
Regional activity,frontal_alpha,4017,0.0,0.03766001577654073,0.030136158360862805,0.0294618203122354,0.023005159480362598,0.004454271013401,0.6335974076654338,0.06416629789944377,-0.12408002770338207,-0.6072753788712832,-0.4877995059814235,0.03431913284970464,0.0272932907500944,0.020283009986717955,0.04843385541954367,0.041347810056322445,0.033581922748737725,0.030681520725426962,0.025441432491675152,0.0148171087028004
Global spectral state,theta_ratio,4017,0.0,0.18656067767010553,0.05145320100155123,0.1848214975039195,0.0683771128128351,0.0676200327309893,0.4662784867743963,0.028951753570490964,-0.38026919298396816,-0.03580601365937345,0.3608653717181632,0.19900610992261067,0.1961085879131102,0.05514261491420869,0.18140881073233314,0.17836626047271503,0.06946508019925357,0.1795428819158068,0.17479571906315894,0.07629521365405562
Frontal asymmetry,faa_f3_f4,4017,0.0,0.1620942087141535,0.8681299507895336,0.0880339957794502,1.0301456174473502,-2.6354451367757776,3.6997528298325486,0.024757075035409158,-0.006367557053852495,0.34211901668075134,0.3561883042407228,0.2599270411590761,0.1836962612531483,0.9638817667621378,-0.03445469064509662,-0.1317402090478225,0.96563900507602,0.2541960290873618,0.1835573126971983,1.1280755600416836
Regional activity,frontal_gamma,4017,0.0,0.023771529742346087,0.013862775526987295,0.0237047744013807,0.0126439923676002,0.004959548714396,0.4728494522532855,0.0232933951310046,0.2844638417227813,0.4470937268391572,0.00541756447133972,0.022276283473929157,0.0212218428961818,0.009143522369004502,0.022195413892964002,0.02444918210287025,0.013397910787844577,0.026686226960316764,0.02733715834274615,0.014817014356580678
Frontal asymmetry,faa_fp1_fp2,4017,0.0,-0.057810015648557755,0.2901280319872616,-0.1033261734357786,0.2734768071804109,-0.9504656200309584,1.7801952889686057,0.016880754107673316,-0.19313028085333964,0.13881495325123444,0.2885521748217654,-0.007228213880849023,-0.0835300973992536,0.2909641790748231,-0.09877006054284347,-0.14101505645033624,0.23185874679210222,-0.06743771046598415,-0.08453457700017886,0.28521421135324654
Regional activity,temporal_beta,4017,0.0,0.05854525313559635,0.05257355246729349,0.0537227335368953,0.023564378674905108,0.0135330031241664,1.9331588885688689,0.015660818612170918,0.25135498727587685,0.1969601406516446,-0.17710343667372921,0.04967982985192417,0.0402953228888236,0.014656494801812449,0.060177248873733685,0.05908484755906325,0.020005591787281382,0.06546755081150882,0.06042325477821875,0.021911209075542344
Frontal asymmetry,faa_f7_f8,4017,0.0,0.7897082152937884,0.7617142311261828,0.8195667808526728,0.9700170968959265,-2.380301002515956,3.858214851366853,0.005637981312599794,0.09314494897862961,0.19084277545039072,0.08773062290688477,0.7886453252259277,0.8525015835396852,1.053246215799171,0.71834376123549,0.768146096652293,0.9348899058362818,0.8580710648378245,0.8602679795176706,0.9192661885319489
Regional activity,frontal_beta,4017,0.0,0.05847329937440817,0.02616623110039303,0.0575157689668306,0.0295677372014325,0.0129206109147617,0.5862223751955753,0.004091717795737601,0.10764417844157707,0.16595149059452768,0.030954514164127707,0.05769178076129921,0.0548369804096182,0.027675015669359496,0.056869018127314964,0.05712056729805675,0.028481298589397817,0.06073329143526032,0.0614588097778323,0.03190564735476184
Derived ratios,frontal_occipital_alpha_ratio,4017,0.0,1.0513742333778697,0.9054936729014146,0.8650600823049658,0.6563577464094607,0.0363001773153176,29.01184591006094,0.0013459419633845276,0.01642061796266071,0.07979572088994562,0.09091089037530224,1.0653106975574038,0.8678203213254263,0.705970596210578,1.0046185611343854,0.8433187836709246,0.7074348308466352,1.0821956454882258,0.8781443986446388,0.5746861855819589
Complexity,activity,4017,0.0,0.97685736030496,0.15528950838133532,0.952595055103302,0.1617194414138794,0.6657114028930664,2.999297857284546,0.0008251259978098814,0.044644837183355,-0.02403418206231139,-0.06767510785548819,0.9708042213705932,0.9342442154884338,0.17331930994987488,0.98156443652939,0.9649927020072936,0.16193613409996055,0.9781931807296445,0.9550082981586456,0.14864148199558258
Complexity,entropy,4017,0.0,10.103883968943947,0.28600219075827077,10.159463882446287,0.1782064437866211,4.925887107849121,10.440214157104492,0.0004927099818890907,0.04470669595719888,0.052455673644728,-0.011760925443243132,10.097635787811049,10.17331886291504,0.18083477020263672,10.101174337054612,10.128926277160645,0.1723151206970197,10.11240528362654,10.176533222198486,0.16569638252258123
